FileName,PageName
Addressing_Multicollinearity,Addressing Multicollinearity
Pycaret_Anomaly,Anomaly Detection
TS_Anomaly_Detection,Anomaly Detection in Time Series
ARIMA,ARIMA
Forecasting_AutoArima,ARIMA
Tutorial-BinaryClassification,Binary Classification
Click_Implementation,Click
Pycaret_Clustering,Clustering
KFold_Cross_Validation,Cross Validation
DBSCAN,DBSCAN
Debugging,Debugging
Distribution_Analysis,Distributions
EDA_Pandas,EDA
Evaluation_Metrics,Evaluation Metrics
Gaussian_Mixture_Model_Implementation,Gaussian Mixture Models
Heatmaps_Dendrograms,Heatmap
Imbalanced_Data,Imbalanced Datasets
Imbalanced_Datasets_Resampling,Imbalanced Datasets
Imbalanced_Datasets_SMOTE,Imbalanced Datasets
KMeans,K-means
Regression_Logistic_Metrics,Logistic Regression
Comparing_Ensembles,Model Ensemble
One_hot_encoding,One-hot encoding
PCA_Based_Anomaly_Detection,PCA-Based Anomaly Detection
pdoc_example,pdoc
ROC_PR_Example,Precision-Recall Curve
PCA_Analysis,Principal Component Analysis
prophet,Prophet
Pydantic,Pydantic
Testing_Pytest,Pytest
Regularisation,Regularisation
ROC_curve,ROC (Receiver Operating Characteristic)
ROC_curve_kNN,ROC (Receiver Operating Characteristic)
SVM_Example,Support Vector Machines
RandomForectRegForecaster,Time Series
TS_Cross_Validation,Time Series
TS_Random_Forest,Time Series Forecasting
Vector_Embedding,Vector Embedding
Word2Vec,Word2vec